{
    "loss": 24.24167251586914,
    "accuracy": 0.4313725531101227
}