{
    "loss": 0.21743984520435333,
    "accuracy": 0.9215686321258545
}